image_path,image_name,image_dir,app,model,reference_image,subject_name,output_id,gray_mean,gray_std,res_mean,res_std,res_kurtosis,fft_mean,fft_std,lap_mean,lap_std,lap_kurtosis,grad_mean,grad_std,grad_max
/content/drive/MyDrive/Deepfake Dataset/KlingAI/1/20260407_192136739.png,20260407_192136739.png,/content/drive/MyDrive/Deepfake Dataset/KlingAI/1,KlingAI,Image 2.1,Zinedine_Zidane_0001.jpg,Zinedine_Zidane,1,0.5130836963653564,0.3368974030017853,1.7359980120090768e-10,0.010532046668231487,26.23274803161621,1.4100483655929565,1.1759029626846313,1.0686562745831907e-11,0.02907317318022251,30.61858367919922,0.11102209985256195,0.20867329835891724,2.6734559535980225
/content/drive/MyDrive/Deepfake Dataset/KlingAI/1/20260407_192150710.png,20260407_192150710.png,/content/drive/MyDrive/Deepfake Dataset/KlingAI/1,KlingAI,Image 2.1,Zinedine_Zidane_0001.jpg,Zinedine_Zidane,1,0.5517753958702087,0.34320056438446045,9.345058060716838e-11,0.009359946474432945,38.22671127319336,1.443865180015564,1.1126127243041992,1.1368683772161603e-11,0.02640671283006668,49.63154220581055,0.10458195209503174,0.19849292933940887,2.581362009048462
/content/drive/MyDrive/Deepfake Dataset/KlingAI/1/20260407_192157245.png,20260407_192157245.png,/content/drive/MyDrive/Deepfake Dataset/KlingAI/1,KlingAI,Image 2.1,Zinedine_Zidane_0001.jpg,Zinedine_Zidane,1,0.5381878018379211,0.34351587295532227,-7.275957614183426e-12,0.011667043901979923,29.12928009033203,1.560811996459961,1.1573635339736938,-2.5920599000528455e-11,0.03327687084674835,35.01542663574219,0.11777225881814957,0.23850975930690765,2.7097573280334473
/content/drive/MyDrive/Deepfake Dataset/KlingAI/2/20260407_193117955.png,20260407_193117955.png,/content/drive/MyDrive/Deepfake Dataset/KlingAI/2,KlingAI,Image 2.1,Zinedine_Zidane_0001.jpg,Zinedine_Zidane,2,0.5260071158409119,0.3747163712978363,8.22808488010196e-11,0.005656901281327009,65.71519470214844,1.015817642211914,1.060951828956604,1.2960299500264227e-11,0.014583603478968143,78.35257720947266,0.06060885265469551,0.14517778158187866,2.0571892261505127
/content/drive/MyDrive/Deepfake Dataset/KlingAI/2/20260407_193123170.png,20260407_193123170.png,/content/drive/MyDrive/Deepfake Dataset/KlingAI/2,KlingAI,Image 2.1,Zinedine_Zidane_0001.jpg,Zinedine_Zidane,2,0.47672557830810547,0.34931480884552,-8.333245204994455e-11,0.005225959233939648,64.96034240722656,1.0242499113082886,1.0448247194290161,6.0254023992456496e-12,0.013690144754946232,77.35163116455078,0.06289345026016235,0.13297054171562195,2.050884246826172
/content/drive/MyDrive/Deepfake Dataset/KlingAI/3/20260407_202158539.png,20260407_202158539.png,/content/drive/MyDrive/Deepfake Dataset/KlingAI/3,KlingAI,Image 2.1,Zinedine_Zidane_0001.jpg,Zinedine_Zidane,3,0.4980672597885132,0.38719528913497925,-6.110667527536862e-12,0.007120679132640362,42.46227264404297,1.0960527658462524,1.0829578638076782,6.650680006714538e-12,0.01851770654320717,45.94889831542969,0.06329819560050964,0.17245790362358093,2.1588494777679443
/content/drive/MyDrive/Deepfake Dataset/KlingAI/3/20260407_202204168.png,20260407_202204168.png,/content/drive/MyDrive/Deepfake Dataset/KlingAI/3,KlingAI,Image 2.1,Zinedine_Zidane_0001.jpg,Zinedine_Zidane,3,0.5249156951904297,0.41273796558380127,-1.2153122952440754e-10,0.010469526052474976,49.86992645263672,1.3897532224655151,1.194724440574646,-1.1596057447604835e-11,0.02875475399196148,60.03058624267578,0.06414353102445602,0.22237156331539154,2.8709216117858887
/content/drive/MyDrive/Deepfake Dataset/KlingAI/4/20260407_202410430.png,20260407_202410430.png,/content/drive/MyDrive/Deepfake Dataset/KlingAI/4,KlingAI,Image 2.1,Zinedine_Zidane_0001.jpg,Zinedine_Zidane,4,0.2509593963623047,0.18293757736682892,1.0459189070388675e-11,0.008843584917485714,31.705310821533203,1.3497475385665894,1.0911624431610107,3.183231456205249e-12,0.025398699566721916,34.500274658203125,0.08969759196043015,0.1642003357410431,2.6246395111083984
/content/drive/MyDrive/Deepfake Dataset/KlingAI/4/20260407_202415463.png,20260407_202415463.png,/content/drive/MyDrive/Deepfake Dataset/KlingAI/4,KlingAI,Image 2.1,Zinedine_Zidane_0001.jpg,Zinedine_Zidane,4,0.2522716224193573,0.21899095177650452,-8.86757334228605e-12,0.011321871541440487,31.30744743347168,1.3797672986984253,1.1696152687072754,-7.275957614183426e-12,0.031100409105420113,36.60703659057617,0.10821008682250977,0.23031917214393616,2.5461180210113525
/content/drive/MyDrive/Deepfake Dataset/KlingAI/5/20260407_203000593.png,20260407_203000593.png,/content/drive/MyDrive/Deepfake Dataset/KlingAI/5,KlingAI,Image 3 Omni,Zinedine_Zidane_0001.jpg,Zinedine_Zidane,5,0.17269009351730347,0.1945239007472992,-2.4101609596982598e-11,0.00922753568738699,86.9603271484375,1.543993592262268,0.990997314453125,6.252776074688882e-12,0.029956061393022537,139.01956176757812,0.0739540308713913,0.17021490633487701,3.22799015045166
/content/drive/MyDrive/Deepfake Dataset/KlingAI/5/20260407_203006975.png,20260407_203006975.png,/content/drive/MyDrive/Deepfake Dataset/KlingAI/5,KlingAI,Image 3 Omni,Zinedine_Zidane_0001.jpg,Zinedine_Zidane,5,0.2277190089225769,0.23902633786201477,-1.6914469824769185e-11,0.01051977090537548,30.620447158813477,1.553188681602478,1.004130482673645,-8.199663170671556e-12,0.03375209867954254,31.55866050720215,0.08885294944047928,0.16827425360679626,2.99194073677063
/content/drive/MyDrive/Deepfake Dataset/KlingAI/6/20260407_203310223.png,20260407_203310223.png,/content/drive/MyDrive/Deepfake Dataset/KlingAI/6,KlingAI,Image 3 Omni,Zinedine_Zidane_0001.jpg,Zinedine_Zidane,6,0.26990634202957153,0.2218775749206543,-1.9838353182421997e-11,0.010709085501730442,58.3875732421875,1.6961662769317627,1.0251131057739258,-2.8421709430404007e-12,0.03482859954237938,79.36954498291016,0.09084285795688629,0.1890447735786438,3.51405930519104
/content/drive/MyDrive/Deepfake Dataset/KlingAI/6/20260407_203318015.png,20260407_203318015.png,/content/drive/MyDrive/Deepfake Dataset/KlingAI/6,KlingAI,Image 3 Omni,Zinedine_Zidane_0001.jpg,Zinedine_Zidane,6,0.2673678696155548,0.23530040681362152,1.5575096767861396e-11,0.012385781854391098,50.54882049560547,1.7405301332473755,1.073167085647583,-8.29913915367797e-12,0.03901571035385132,61.27640151977539,0.09279712289571762,0.19047008454799652,3.164421558380127
/content/drive/MyDrive/Deepfake Dataset/KlingAI/7/20260407_211858503.png,20260407_211858503.png,/content/drive/MyDrive/Deepfake Dataset/KlingAI/7,KlingAI,Image 2.1,Morgan_Freeman_0001.jpg,Morgan_Freeman,7,0.49909287691116333,0.33266350626945496,4.240519047016278e-11,0.011620885692536831,51.069766998291016,1.6403782367706299,1.1117603778839111,-1.0913936421275139e-11,0.03467164933681488,62.345664978027344,0.11941065639257431,0.21954859793186188,3.1380982398986816
/content/drive/MyDrive/Deepfake Dataset/KlingAI/7/20260407_211905748.png,20260407_211905748.png,/content/drive/MyDrive/Deepfake Dataset/KlingAI/7,KlingAI,Image 2.1,Morgan_Freeman_0001.jpg,Morgan_Freeman,7,0.48849382996559143,0.3454592227935791,3.410605131648481e-12,0.012919196859002113,32.386436462402344,1.6654183864593506,1.171456217765808,1.5916157281026244e-11,0.03764773905277252,35.847007751464844,0.1161060482263565,0.24233195185661316,3.2350525856018066
/content/drive/MyDrive/Deepfake Dataset/KlingAI/8/20260407_212142563.png,20260407_212142563.png,/content/drive/MyDrive/Deepfake Dataset/KlingAI/8,KlingAI,Image 2.1,Morgan_Freeman_0001.jpg,Morgan_Freeman,8,0.6628013849258423,0.24438028037548065,-1.5916157281026244e-11,0.009320047684013844,107.37923431396484,1.4850130081176758,1.0560839176177979,-7.958078640513122e-12,0.02868879958987236,156.2615966796875,0.0990561991930008,0.1670062392950058,2.598306655883789
/content/drive/MyDrive/Deepfake Dataset/KlingAI/9/20260407_212244750.png,20260407_212244750.png,/content/drive/MyDrive/Deepfake Dataset/KlingAI/9,KlingAI,Image 2.1,Morgan_Freeman_0001.jpg,Morgan_Freeman,9,0.5370548367500305,0.3774445950984955,4.7066350816749036e-11,0.00926260370761156,61.18125915527344,1.340097188949585,1.1754083633422852,8.640199666842818e-12,0.025571124628186226,80.62610626220703,0.09097065031528473,0.2045402079820633,2.9678266048431396
/content/drive/MyDrive/Deepfake Dataset/KlingAI/10/20260407_213006002.png,20260407_213006002.png,/content/drive/MyDrive/Deepfake Dataset/KlingAI/10,KlingAI,Image 2.1,Morgan_Freeman_0001.jpg,Morgan_Freeman,10,0.4009641706943512,0.3627544343471527,5.684341886080802e-14,0.01212987583130598,57.33600616455078,1.453466534614563,1.1561511754989624,-1.2278178473934531e-11,0.03477806970477104,65.94099426269531,0.09197549521923065,0.2257412225008011,3.0517804622650146
/content/drive/MyDrive/Deepfake Dataset/KlingAI/11/20260407_213027403.png,20260407_213027403.png,/content/drive/MyDrive/Deepfake Dataset/KlingAI/11,KlingAI,Image 2.1,Morgan_Freeman_0001.jpg,Morgan_Freeman,11,0.4521194100379944,0.35876792669296265,-6.718892109347507e-11,0.014004656113684177,38.33559036254883,1.6167100667953491,1.1739181280136108,-1.5916157281026244e-12,0.040070127695798874,40.919795989990234,0.10756032168865204,0.25470292568206787,2.918414354324341
/content/drive/MyDrive/Deepfake Dataset/KlingAI/12/20260407_213144627.png,20260407_213144627.png,/content/drive/MyDrive/Deepfake Dataset/KlingAI/12,KlingAI,Image 2.1,Morgan_Freeman_0001.jpg,Morgan_Freeman,12,0.24740441143512726,0.20662224292755127,1.6996182239381596e-11,0.011959866620600224,46.511436462402344,1.7438632249832153,1.0212651491165161,4.547473508864641e-13,0.03899317979812622,45.05415344238281,0.10478667914867401,0.1927284449338913,3.12677264213562
/content/drive/MyDrive/Deepfake Dataset/KlingAI/13/20260407_213242411.png,20260407_213242411.png,/content/drive/MyDrive/Deepfake Dataset/KlingAI/13,KlingAI,Image 2.1,Morgan_Freeman_0001.jpg,Morgan_Freeman,13,0.3242407441139221,0.2457207590341568,-3.524291969370097e-11,0.011553160846233368,57.744205474853516,1.6550612449645996,1.0175189971923828,-1.8189894035458565e-12,0.03615601360797882,58.374908447265625,0.10333459824323654,0.19708970189094543,2.771265983581543
/content/drive/MyDrive/Deepfake Dataset/KlingAI/14/20260407_214152672.png,20260407_214152672.png,/content/drive/MyDrive/Deepfake Dataset/KlingAI/14,KlingAI,Image 3 Omni,Morgan_Freeman_0001.jpg,Morgan_Freeman,14,0.548862874507904,0.2985057830810547,-6.093614501878619e-11,0.018734890967607498,22.11628532409668,2.298696756362915,0.9136083126068115,-8.412825991399586e-12,0.07011629641056061,25.26896858215332,0.14713793992996216,0.2479930818080902,3.209005832672119
/content/drive/MyDrive/Deepfake Dataset/KlingAI/14/20260407_214200279.png,20260407_214200279.png,/content/drive/MyDrive/Deepfake Dataset/KlingAI/14,KlingAI,Image 3 Omni,Morgan_Freeman_0001.jpg,Morgan_Freeman,14,0.5783922672271729,0.30691415071487427,-5.775291356258094e-11,0.01731502264738083,27.278791427612305,2.200162410736084,0.9536316394805908,1.0913936421275139e-11,0.062198493629693985,31.093948364257812,0.13318157196044922,0.2476145476102829,3.5168228149414062
/content/drive/MyDrive/Deepfake Dataset/KlingAI/15/20260407_214640571.png,20260407_214640571.png,/content/drive/MyDrive/Deepfake Dataset/KlingAI/15,KlingAI,Image 3 Omni,Morgan_Freeman_0001.jpg,Morgan_Freeman,15,0.6357632279396057,0.21581120789051056,-2.2566837287740782e-11,0.01619904860854149,26.479341506958008,2.1455912590026855,0.9188737869262695,-7.275957614183426e-12,0.05905846133828163,28.392242431640625,0.12513083219528198,0.21801118552684784,3.1695644855499268
/content/drive/MyDrive/Deepfake Dataset/KlingAI/15/20260407_214647351.png,20260407_214647351.png,/content/drive/MyDrive/Deepfake Dataset/KlingAI/15,KlingAI,Image 3 Omni,Morgan_Freeman_0001.jpg,Morgan_Freeman,15,0.5471803545951843,0.30704256892204285,-2.6147972675971687e-11,0.017734158784151077,26.69263458251953,2.2519290447235107,0.9118942618370056,9.094947017729282e-13,0.0668843612074852,31.495092391967773,0.12596550583839417,0.23881293833255768,3.0853710174560547
/content/drive/MyDrive/Deepfake Dataset/KlingAI/16/20260407_222508413.png,20260407_222508413.png,/content/drive/MyDrive/Deepfake Dataset/KlingAI/16,KlingAI,Image 2.1,Wei_Wu_0001.jpg,Wei_Wu,16,0.5003713369369507,0.36243534088134766,-7.224798537208699e-11,0.01028316468000412,43.2624626159668,1.6213120222091675,1.078572392463684,-5.229594535194337e-12,0.0316477045416832,54.989776611328125,0.1064978837966919,0.19883881509304047,2.835312604904175
/content/drive/MyDrive/Deepfake Dataset/KlingAI/16/20260407_222509424.png,20260407_222509424.png,/content/drive/MyDrive/Deepfake Dataset/KlingAI/16,KlingAI,Image 2.1,Wei_Wu_0001.jpg,Wei_Wu,16,0.45264607667922974,0.32796797156333923,2.3362645151792094e-11,0.01016304362565279,45.23630905151367,1.5533419847488403,1.1122647523880005,5.7980287238024175e-12,0.030019031837582588,56.44211959838867,0.11366062611341476,0.19986805319786072,3.179896831512451
/content/drive/MyDrive/Deepfake Dataset/KlingAI/17/20260407_222440204.png,20260407_222440204.png,/content/drive/MyDrive/Deepfake Dataset/KlingAI/17,KlingAI,Image 2.1,Wei_Wu_0001.jpg,Wei_Wu,17,0.55463045835495,0.32351288199424744,3.979039320256561e-11,0.006632573436945677,67.4801025390625,1.1791572570800781,1.0865715742111206,-5.4569682106375694e-12,0.018154600635170937,74.3790283203125,0.09044500440359116,0.15717469155788422,2.3040547370910645
/content/drive/MyDrive/Deepfake Dataset/KlingAI/18/20260407_222432313.png,20260407_222432313.png,/content/drive/MyDrive/Deepfake Dataset/KlingAI/18,KlingAI,Image 2.1,Wei_Wu_0001.jpg,Wei_Wu,18,0.6170053482055664,0.31944888830184937,-6.52562448522076e-11,0.007816022261977196,63.63182067871094,1.2731242179870605,1.1212835311889648,7.275957614183426e-12,0.020975345745682716,91.5240249633789,0.10074495524168015,0.17880785465240479,2.508735179901123
/content/drive/MyDrive/Deepfake Dataset/KlingAI/19/20260407_222424944.png,20260407_222424944.png,/content/drive/MyDrive/Deepfake Dataset/KlingAI/19,KlingAI,Image 2.1,Wei_Wu_0001.jpg,Wei_Wu,19,0.38333365321159363,0.3545511066913605,6.761524673493113e-11,0.008657905273139477,63.390865325927734,1.3516892194747925,1.0919067859649658,-6.707523425575346e-12,0.025300506502389908,75.00738525390625,0.06719621270895004,0.17075327038764954,2.82700514793396
/content/drive/MyDrive/Deepfake Dataset/KlingAI/20/20260407_222416772.png,20260407_222416772.png,/content/drive/MyDrive/Deepfake Dataset/KlingAI/20,KlingAI,Image 2.1,Wei_Wu_0001.jpg,Wei_Wu,20,0.35637229681015015,0.34571516513824463,1.3869794202037156e-11,0.006898477207869291,41.40732955932617,1.1341558694839478,1.091840386390686,1.5006662579253316e-11,0.017979750409722328,49.4397087097168,0.09476099908351898,0.17919519543647766,2.2120308876037598
/content/drive/MyDrive/Deepfake Dataset/KlingAI/21/20260407_222410605.png,20260407_222410605.png,/content/drive/MyDrive/Deepfake Dataset/KlingAI/21,KlingAI,Image 2.1,Wei_Wu_0001.jpg,Wei_Wu,21,0.26134568452835083,0.23559759557247162,3.865352482534945e-12,0.00823423732072115,50.876678466796875,1.3178216218948364,1.1098979711532593,-1.4097167877480388e-11,0.023203061893582344,50.88385772705078,0.09522832185029984,0.1718127578496933,2.730801582336426
/content/drive/MyDrive/Deepfake Dataset/KlingAI/22/20260407_222402897.png,20260407_222402897.png,/content/drive/MyDrive/Deepfake Dataset/KlingAI/22,KlingAI,Image 2.1,Wei_Wu_0001.jpg,Wei_Wu,22,0.27581268548965454,0.2463228553533554,-5.820766091346741e-11,0.009409499354660511,55.372440338134766,1.509647011756897,0.9995877146720886,0.0,0.02893667481839657,49.5673828125,0.10087469220161438,0.18355892598628998,3.1524250507354736
/content/drive/MyDrive/Deepfake Dataset/KlingAI/23/20260407_222347586.png,20260407_222347586.png,/content/drive/MyDrive/Deepfake Dataset/KlingAI/23,KlingAI,Image 3 Omni,Wei_Wu_0001.jpg,Wei_Wu,23,0.480789452791214,0.3259088695049286,1.7848833522293717e-11,0.028306975960731506,38.38679122924805,2.5956006050109863,0.9408537149429321,9.094947017729282e-12,0.1044413298368454,49.02152633666992,0.1284974217414856,0.36030295491218567,3.8897454738616943
/content/drive/MyDrive/Deepfake Dataset/KlingAI/23/20260407_222355369.png,20260407_222355369.png,/content/drive/MyDrive/Deepfake Dataset/KlingAI/23,KlingAI,Image 3 Omni,Wei_Wu_0001.jpg,Wei_Wu,23,0.5508458018302917,0.31758975982666016,4.433786671143025e-12,0.017883220687508583,47.389251708984375,2.0849609375,0.993239164352417,3.501554601825774e-11,0.060479193925857544,49.6171989440918,0.09128963202238083,0.28028368949890137,3.3563249111175537
/content/drive/MyDrive/Deepfake Dataset/KlingAI/24/20260407_222330183.png,20260407_222330183.png,/content/drive/MyDrive/Deepfake Dataset/KlingAI/24,KlingAI,Image 3 Omni,Wei_Wu_0001.jpg,Wei_Wu,24,0.5753284692764282,0.32471519708633423,1.3642420526593924e-12,0.01946442387998104,49.55937194824219,2.0977652072906494,1.0120863914489746,-1.3642420526593924e-12,0.06423468142747879,50.153079986572266,0.09672679752111435,0.30245399475097656,3.8260273933410645
/content/drive/MyDrive/Deepfake Dataset/KlingAI/24/20260407_222338918.png,20260407_222338918.png,/content/drive/MyDrive/Deepfake Dataset/KlingAI/24,KlingAI,Image 3 Omni,Wei_Wu_0001.jpg,Wei_Wu,24,0.5049697756767273,0.3361749053001404,6.821210263296962e-12,0.018426457419991493,45.85151290893555,2.13466739654541,1.007245421409607,-1.3869794202037156e-11,0.06271588057279587,55.159725189208984,0.09916473925113678,0.29150712490081787,3.5495595932006836
/content/drive/MyDrive/Deepfake Dataset/KlingAI/25/20260407_230918039.png,20260407_230918039.png,/content/drive/MyDrive/Deepfake Dataset/KlingAI/25,KlingAI,Image 2.1,Ana_Isabel_Sanchez_0001.jpg,Ana_Isabel_Sanchez,25,0.48266366124153137,0.3454788327217102,1.887201506178826e-11,0.010158518329262733,38.95212173461914,1.3603750467300415,1.1984601020812988,3.785771696129814e-11,0.027048615738749504,50.830909729003906,0.12618839740753174,0.22177955508232117,3.163412094116211
/content/drive/MyDrive/Deepfake Dataset/KlingAI/25/20260407_230918866.png,20260407_230918866.png,/content/drive/MyDrive/Deepfake Dataset/KlingAI/25,KlingAI,Image 2.1,Ana_Isabel_Sanchez_0001.jpg,Ana_Isabel_Sanchez,25,0.4579313099384308,0.3388049006462097,2.9331204132176936e-11,0.011761950328946114,40.931644439697266,1.6086900234222412,1.127874732017517,8.640199666842818e-12,0.03407106548547745,46.29105758666992,0.11086243391036987,0.22832444310188293,3.395400285720825
/content/drive/MyDrive/Deepfake Dataset/KlingAI/26/20260407_230919942.png,20260407_230919942.png,/content/drive/MyDrive/Deepfake Dataset/KlingAI/26,KlingAI,Image 2.1,Ana_Isabel_Sanchez_0001.jpg,Ana_Isabel_Sanchez,26,0.5360110998153687,0.30462348461151123,-2.2964741219766438e-11,0.007163439877331257,66.69036865234375,1.2095813751220703,1.0630642175674438,-1.5916157281026244e-12,0.019505368545651436,102.06549072265625,0.10276245325803757,0.17927369475364685,2.1164608001708984
/content/drive/MyDrive/Deepfake Dataset/KlingAI/27/20260407_230920935.png,20260407_230920935.png,/content/drive/MyDrive/Deepfake Dataset/KlingAI/27,KlingAI,Image 2.1,Ana_Isabel_Sanchez_0001.jpg,Ana_Isabel_Sanchez,27,0.5840288996696472,0.3353170156478882,-1.7394086171407253e-11,0.007026675622910261,114.54020690917969,1.2505651712417603,1.0132440328598022,-8.412825991399586e-12,0.020484821870923042,141.89736938476562,0.10709214955568314,0.16546443104743958,2.440462827682495
/content/drive/MyDrive/Deepfake Dataset/KlingAI/28/20260407_230921930.png,20260407_230921930.png,/content/drive/MyDrive/Deepfake Dataset/KlingAI/28,KlingAI,Image 2.1,Ana_Isabel_Sanchez_0001.jpg,Ana_Isabel_Sanchez,28,0.37084585428237915,0.3797221779823303,-3.183231456205249e-11,0.009320961311459541,29.540260314941406,1.224751591682434,1.185225486755371,-4.547473508864641e-12,0.0241659227758646,32.68010711669922,0.10459733754396439,0.22883176803588867,2.979001998901367
/content/drive/MyDrive/Deepfake Dataset/KlingAI/29/20260407_230925578.png,20260407_230925578.png,/content/drive/MyDrive/Deepfake Dataset/KlingAI/29,KlingAI,Image 2.1,Ana_Isabel_Sanchez_0001.jpg,Ana_Isabel_Sanchez,29,0.46634984016418457,0.4087529182434082,1.2533973858808167e-11,0.00701176980510354,85.80803680419922,1.2037101984024048,1.037094235420227,-5.4569682106375694e-12,0.01955006830394268,114.3931655883789,0.07679508626461029,0.1721755564212799,2.256044864654541
/content/drive/MyDrive/Deepfake Dataset/KlingAI/30/20260407_230923072.png,20260407_230923072.png,/content/drive/MyDrive/Deepfake Dataset/KlingAI/30,KlingAI,Image 2.1,Ana_Isabel_Sanchez_0001.jpg,Ana_Isabel_Sanchez,30,0.26226720213890076,0.2429385483264923,-5.5365489970427006e-11,0.011481396853923798,43.26239013671875,1.6078916788101196,1.1088987588882446,-3.865352482534945e-12,0.03392961621284485,50.235877990722656,0.11395182460546494,0.21175464987754822,3.3798203468322754
/content/drive/MyDrive/Deepfake Dataset/KlingAI/31/20260407_230924090.png,20260407_230924090.png,/content/drive/MyDrive/Deepfake Dataset/KlingAI/31,KlingAI,Image 2.1,Ana_Isabel_Sanchez_0001.jpg,Ana_Isabel_Sanchez,31,0.32415589690208435,0.3018653690814972,-4.6270542952697724e-11,0.012132261879742146,47.38690185546875,1.709686040878296,1.0612972974777222,2.0463630789890885e-12,0.037192318588495255,53.774288177490234,0.11714491248130798,0.21638354659080505,3.6105830669403076
/content/drive/MyDrive/Deepfake Dataset/KlingAI/32/20260407_231351421.png,20260407_231351421.png,/content/drive/MyDrive/Deepfake Dataset/KlingAI/32,KlingAI,Image 3 Omni,Ana_Isabel_Sanchez_0001.jpg,Ana_Isabel_Sanchez,32,0.5151526927947998,0.30561843514442444,4.2234660213580355e-11,0.01542544737458229,43.00971984863281,1.9796063899993896,1.0266730785369873,1.1141310096718371e-11,0.05139029026031494,56.982452392578125,0.1292429119348526,0.25291839241981506,3.6803059577941895
/content/drive/MyDrive/Deepfake Dataset/KlingAI/32/20260407_231353888.png,20260407_231353888.png,/content/drive/MyDrive/Deepfake Dataset/KlingAI/32,KlingAI,Image 3 Omni,Ana_Isabel_Sanchez_0001.jpg,Ana_Isabel_Sanchez,32,0.5252472162246704,0.295118123292923,-1.8417267710901797e-11,0.014154051430523396,49.87562561035156,1.9247922897338867,1.0339120626449585,1.1596057447604835e-11,0.04657238349318504,71.58004760742188,0.12466716021299362,0.23033417761325836,3.5713703632354736
/content/drive/MyDrive/Deepfake Dataset/KlingAI/33/20260407_231356985.png,20260407_231356985.png,/content/drive/MyDrive/Deepfake Dataset/KlingAI/33,KlingAI,Image 3 Omni,Ana_Isabel_Sanchez_0001.jpg,Ana_Isabel_Sanchez,33,0.5337432026863098,0.31013891100883484,-3.558398020686582e-11,0.015358098782598972,37.60956573486328,2.006352186203003,1.0241295099258423,6.821210263296962e-12,0.0508093535900116,49.07917022705078,0.13767533004283905,0.2432575523853302,3.6501598358154297
/content/drive/MyDrive/Deepfake Dataset/KlingAI/33/20260407_231359765.png,20260407_231359765.png,/content/drive/MyDrive/Deepfake Dataset/KlingAI/33,KlingAI,Image 3 Omni,Ana_Isabel_Sanchez_0001.jpg,Ana_Isabel_Sanchez,33,0.5582530498504639,0.3229663372039795,-6.139089236967266e-12,0.01576247252523899,32.128173828125,2.0467031002044678,1.0014674663543701,1.8189894035458565e-12,0.052807509899139404,37.71681594848633,0.14386700093746185,0.2559244930744171,3.516613483428955
/content/drive/MyDrive/Deepfake Dataset/HailuoAI/34/hailuo_1775629928.jpg,hailuo_1775629928.jpg,/content/drive/MyDrive/Deepfake Dataset/HailuoAI/34,HailuoAI,Nano Banana Pro,Zinedine_Zidane_0001.jpg,Zinedine_Zidane,34,0.6104299426078796,0.2657967507839203,6.161826604511589e-11,0.014383445493876934,26.12091827392578,2.0064992904663086,0.9731858968734741,-1.6370904631912708e-11,0.049105204641819,24.528886795043945,0.1342056691646576,0.2134280949831009,3.033233404159546
/content/drive/MyDrive/Deepfake Dataset/HailuoAI/35/hailuo_1775629939.jpg,hailuo_1775629939.jpg,/content/drive/MyDrive/Deepfake Dataset/HailuoAI/35,HailuoAI,Seedream 4.5,Zinedine_Zidane_0001.jpg,Zinedine_Zidane,35,0.6056301593780518,0.29095083475112915,-1.1732481652870774e-10,0.01121798250824213,36.77872848510742,1.673390507698059,1.0858778953552246,-2.7284841053187847e-12,0.03386687859892845,47.923282623291016,0.1039663627743721,0.2139693647623062,3.0636370182037354
/content/drive/MyDrive/Deepfake Dataset/HailuoAI/36/hailuo_1775629945.png,hailuo_1775629945.png,/content/drive/MyDrive/Deepfake Dataset/HailuoAI/36,HailuoAI,GPT Image 15,Zinedine_Zidane_0001.jpg,Zinedine_Zidane,36,0.5497352480888367,0.3209037482738495,-3.7971403799019754e-11,0.013033983297646046,28.406396865844727,1.7988792657852173,1.0552934408187866,-7.275957614183426e-12,0.04017348960042,27.098644256591797,0.11768390983343124,0.24217267334461212,2.9804768562316895
/content/drive/MyDrive/Deepfake Dataset/HailuoAI/37/hailuo_1775629952.png,hailuo_1775629952.png,/content/drive/MyDrive/Deepfake Dataset/HailuoAI/37,HailuoAI,Image 1.0 (Hailuo),Zinedine_Zidane_0001.jpg,Zinedine_Zidane,37,0.49973589181900024,0.2768435478210449,1.2732925824820995e-11,0.011368781328201294,51.68326187133789,1.49695885181427,1.060977578163147,-6.252776074688882e-12,0.03302428871393204,76.72663116455078,0.14081938564777374,0.2067754566669464,2.799978733062744
/content/drive/MyDrive/Deepfake Dataset/HailuoAI/38/hailuo_1775629960.jpg,hailuo_1775629960.jpg,/content/drive/MyDrive/Deepfake Dataset/HailuoAI/38,HailuoAI,Nano Banana Pro,Morgan_Freeman_0001.jpg,Morgan_Freeman,38,0.5872824788093567,0.2944873869419098,-1.6484591469634324e-11,0.022651977837085724,18.58662986755371,2.4873898029327393,0.9009978175163269,-5.4569682106375694e-12,0.08785946667194366,19.45844268798828,0.17280451953411102,0.2554301917552948,3.6589198112487793
/content/drive/MyDrive/Deepfake Dataset/HailuoAI/39/hailuo_1775629965.jpg,hailuo_1775629965.jpg,/content/drive/MyDrive/Deepfake Dataset/HailuoAI/39,HailuoAI,Seedream 4.5,Morgan_Freeman_0001.jpg,Morgan_Freeman,39,0.5817572474479675,0.29921600222587585,-2.114575181622058e-11,0.013867310248315334,24.757102966308594,1.951919674873352,1.0355643033981323,2.5011104298755527e-12,0.04580262675881386,26.59568977355957,0.1299194097518921,0.2258690744638443,3.2261929512023926
/content/drive/MyDrive/Deepfake Dataset/HailuoAI/40/hailuo_1775629901.png,hailuo_1775629901.png,/content/drive/MyDrive/Deepfake Dataset/HailuoAI/40,HailuoAI,GPT Image 15,Morgan_Freeman_0001.jpg,Morgan_Freeman,40,0.5335728526115417,0.2852482497692108,-4.388311936054379e-11,0.019050654023885727,21.33102035522461,2.2710745334625244,0.9485692977905273,1.2732925824820995e-11,0.06917811185121536,21.798940658569336,0.15278521180152893,0.24747984111309052,3.3721094131469727
/content/drive/MyDrive/Deepfake Dataset/HailuoAI/41/hailuo_1775629969.png,hailuo_1775629969.png,/content/drive/MyDrive/Deepfake Dataset/HailuoAI/41,HailuoAI,Image 1.0 (Hailuo),Morgan_Freeman_0001.jpg,Morgan_Freeman,41,0.4084479808807373,0.2959672212600708,-2.1543655748246238e-11,0.013376560993492603,36.096885681152344,1.902941346168518,1.0275300741195679,-4.092726157978177e-12,0.04373863711953163,51.34778594970703,0.13492514193058014,0.22598235309123993,2.684969902038574
/content/drive/MyDrive/Deepfake Dataset/HailuoAI/42/hailuo_1775629975.jpg,hailuo_1775629975.jpg,/content/drive/MyDrive/Deepfake Dataset/HailuoAI/42,HailuoAI,Nano Banana Pro,Wei_Wu_0001.jpg,Wei_Wu,42,0.6217966675758362,0.30484142899513245,-1.6143530956469476e-11,0.016436917707324028,33.67559814453125,2.1191508769989014,0.9643775820732117,5.343281372915953e-12,0.057567186653614044,35.21099090576172,0.13603518903255463,0.24741420149803162,3.5037178993225098
/content/drive/MyDrive/Deepfake Dataset/HailuoAI/43/hailuo_1775629982.jpg,hailuo_1775629982.jpg,/content/drive/MyDrive/Deepfake Dataset/HailuoAI/43,HailuoAI,Seedream 4.5,Wei_Wu_0001.jpg,Wei_Wu,43,0.4298171103000641,0.33358362317085266,6.252776074688882e-12,0.013134392909705639,38.76534652709961,1.846555471420288,1.0688012838363647,2.1827872842550278e-11,0.04145611822605133,50.41219711303711,0.11932225525379181,0.23848676681518555,3.5238654613494873
/content/drive/MyDrive/Deepfake Dataset/HailuoAI/44/hailuo_1775629988.png,hailuo_1775629988.png,/content/drive/MyDrive/Deepfake Dataset/HailuoAI/44,HailuoAI,GPT Image 15,Wei_Wu_0001.jpg,Wei_Wu,44,0.4772663712501526,0.31096571683883667,8.526512829121202e-12,0.014378541149199009,21.171781539916992,1.9784119129180908,0.9788575172424316,2.2737367544323206e-12,0.05038334056735039,19.986570358276367,0.13603484630584717,0.21326282620429993,3.051563024520874
/content/drive/MyDrive/Deepfake Dataset/HailuoAI/45/hailuo_1775629996.png,hailuo_1775629996.png,/content/drive/MyDrive/Deepfake Dataset/HailuoAI/45,HailuoAI,Image 1.0 (Hailuo),Wei_Wu_0001.jpg,Wei_Wu,45,0.4315119981765747,0.2915280759334564,3.4788172342814505e-11,0.012818627059459686,45.73745346069336,1.559254765510559,1.0924490690231323,3.637978807091713e-12,0.03840984031558037,55.57416915893555,0.13685950636863708,0.21894118189811707,2.8790769577026367
/content/drive/MyDrive/Deepfake Dataset/HailuoAI/46/hailuo_1775630125.jpg,hailuo_1775630125.jpg,/content/drive/MyDrive/Deepfake Dataset/HailuoAI/46,HailuoAI,Nano Banana Pro,Ana_Isabel_Sanchez_0001.jpg,Ana_Isabel_Sanchez,46,0.5226077437400818,0.3165781795978546,1.5575096767861396e-11,0.015166765078902245,31.781173706054688,2.0374975204467773,0.9968581795692444,-6.480149750132114e-12,0.05128447338938713,36.3807373046875,0.1394961029291153,0.24497833847999573,3.4683926105499268
/content/drive/MyDrive/Deepfake Dataset/HailuoAI/47/hailuo_1775630134.jpg,hailuo_1775630134.jpg,/content/drive/MyDrive/Deepfake Dataset/HailuoAI/47,HailuoAI,Seedream 4.5,Ana_Isabel_Sanchez_0001.jpg,Ana_Isabel_Sanchez,47,0.5001879930496216,0.3505581319332123,2.2168933355715126e-11,0.015210079960525036,27.8994197845459,1.9325920343399048,1.0920757055282593,-1.7053025658242404e-12,0.04695868492126465,36.23874282836914,0.14427177608013153,0.27982690930366516,3.625802993774414
/content/drive/MyDrive/Deepfake Dataset/HailuoAI/48/hailuo_1775630166.png,hailuo_1775630166.png,/content/drive/MyDrive/Deepfake Dataset/HailuoAI/48,HailuoAI,GPT Image 15,Ana_Isabel_Sanchez_0001.jpg,Ana_Isabel_Sanchez,48,0.4930391013622284,0.332565039396286,-4.8203219193965197e-11,0.012319330126047134,22.400461196899414,1.7953263521194458,1.0518250465393066,-2.2737367544323206e-13,0.038553494960069656,23.020761489868164,0.1289653778076172,0.21559472382068634,2.8166542053222656
/content/drive/MyDrive/Deepfake Dataset/HailuoAI/49/hailuo_1775630275.png,hailuo_1775630275.png,/content/drive/MyDrive/Deepfake Dataset/HailuoAI/49,HailuoAI,Image 1.0 (Hailuo),Ana_Isabel_Sanchez_0001.jpg,Ana_Isabel_Sanchez,49,0.4419989287853241,0.33187443017959595,-3.484501576167531e-11,0.012708650901913643,61.610191345214844,1.7084115743637085,1.0831209421157837,8.412825991399586e-12,0.03857561945915222,91.65956115722656,0.11123274266719818,0.22663113474845886,3.190199375152588
/content/drive/MyDrive/Deepfake Dataset/HailuoAI/50/hailuo_1775631817.jpg,hailuo_1775631817.jpg,/content/drive/MyDrive/Deepfake Dataset/HailuoAI/50,HailuoAI,Nano Banana Pro,Zinedine_Zidane_0001.jpg,Zinedine_Zidane,50,0.542576014995575,0.2865079939365387,6.298250809777528e-11,0.015010733157396317,32.642948150634766,2.0268285274505615,0.9694293737411499,5.229594535194337e-12,0.05294160917401314,27.728992462158203,0.14017672836780548,0.22781728208065033,3.2774264812469482
/content/drive/MyDrive/Deepfake Dataset/HailuoAI/51/hailuo_1775631822.jpg,hailuo_1775631822.jpg,/content/drive/MyDrive/Deepfake Dataset/HailuoAI/51,HailuoAI,Seedream 4.5,Zinedine_Zidane_0001.jpg,Zinedine_Zidane,51,0.5231775641441345,0.31860068440437317,-6.014033715473488e-11,0.011637523770332336,33.11676788330078,1.733842134475708,1.0564088821411133,6.366462912410498e-12,0.03624667227268219,37.649593353271484,0.10837921500205994,0.21975474059581757,3.4216582775115967
/content/drive/MyDrive/Deepfake Dataset/HailuoAI/52/hailuo_1775631830.png,hailuo_1775631830.png,/content/drive/MyDrive/Deepfake Dataset/HailuoAI/52,HailuoAI,GPT Image 15,Zinedine_Zidane_0001.jpg,Zinedine_Zidane,52,0.5230475068092346,0.319692999124527,5.9117155615240335e-12,0.009761274792253971,35.72805404663086,1.6676183938980103,0.9822651147842407,-4.092726157978177e-12,0.03213370218873024,33.88652038574219,0.08765601366758347,0.16925038397312164,2.4887945652008057
/content/drive/MyDrive/Deepfake Dataset/HailuoAI/53/hailuo_1775631835.png,hailuo_1775631835.png,/content/drive/MyDrive/Deepfake Dataset/HailuoAI/53,HailuoAI,Image 1.0 (Hailuo),Zinedine_Zidane_0001.jpg,Zinedine_Zidane,53,0.38638123869895935,0.29085588455200195,-3.296918293926865e-11,0.008798058144748211,89.16729736328125,1.4981645345687866,1.005993366241455,-7.958078640513122e-13,0.026833368465304375,107.43665313720703,0.09695131331682205,0.1630047708749771,2.6898012161254883
/content/drive/MyDrive/Deepfake Dataset/HailuoAI/54/hailuo_1775631843.jpg,hailuo_1775631843.jpg,/content/drive/MyDrive/Deepfake Dataset/HailuoAI/54,HailuoAI,Nano Banana Pro,Morgan_Freeman_0001.jpg,Morgan_Freeman,54,0.5645911693572998,0.28041884303092957,-2.2168933355715126e-11,0.020172391086816788,28.233049392700195,2.3103432655334473,0.9394092559814453,-7.503331289626658e-12,0.07287774980068207,29.250911712646484,0.1786787509918213,0.26567786931991577,3.3057687282562256
/content/drive/MyDrive/Deepfake Dataset/HailuoAI/55/hailuo_1775632988.jpg,hailuo_1775632988.jpg,/content/drive/MyDrive/Deepfake Dataset/HailuoAI/55,HailuoAI,Seedream 4.5,Morgan_Freeman_0001.jpg,Morgan_Freeman,55,0.5057806372642517,0.2689026892185211,1.0913936421275139e-11,0.012803220190107822,20.267431259155273,1.888799786567688,0.9995959401130676,8.185452315956354e-12,0.04273002967238426,20.190414428710938,0.1343679577112198,0.18957321345806122,2.8070385456085205
/content/drive/MyDrive/Deepfake Dataset/HailuoAI/56/hailuo_1775632996.png,hailuo_1775632996.png,/content/drive/MyDrive/Deepfake Dataset/HailuoAI/56,HailuoAI,GPT Image 15,Morgan_Freeman_0001.jpg,Morgan_Freeman,56,0.6557559370994568,0.20233066380023956,-4.8487436288269237e-11,0.016735052689909935,19.142946243286133,2.1940057277679443,0.8872517943382263,-6.821210263296962e-12,0.06346222013235092,21.72233772277832,0.13408683240413666,0.18640486896038055,2.6875648498535156
/content/drive/MyDrive/Deepfake Dataset/HailuoAI/57/hailuo_1775631856.png,hailuo_1775631856.png,/content/drive/MyDrive/Deepfake Dataset/HailuoAI/57,HailuoAI,Image 1.0 (Hailuo),Morgan_Freeman_0001.jpg,Morgan_Freeman,57,0.4589822292327881,0.2862444221973419,5.1386450650170445e-11,0.01252953615039587,49.616004943847656,1.617159366607666,1.0083518028259277,-2.2737367544323206e-12,0.03859829157590866,52.15305709838867,0.1236826553940773,0.20365674793720245,3.075748920440674
/content/drive/MyDrive/Deepfake Dataset/HailuoAI/58/hailuo_1775633345.jpg,hailuo_1775633345.jpg,/content/drive/MyDrive/Deepfake Dataset/HailuoAI/58,HailuoAI,Nano Banana Pro,Wei_Wu_0001.jpg,Wei_Wu,58,0.538572371006012,0.29977211356163025,-3.467448550509289e-11,0.015128535218536854,33.977882385253906,1.9338712692260742,1.0289472341537476,-5.4569682106375694e-12,0.048953741788864136,41.19746398925781,0.15706957876682281,0.24301089346408844,3.183077096939087
/content/drive/MyDrive/Deepfake Dataset/HailuoAI/59/hailuo_1775633575.jpg,hailuo_1775633575.jpg,/content/drive/MyDrive/Deepfake Dataset/HailuoAI/59,HailuoAI,Seedream 4.5,Wei_Wu_0001.jpg,Wei_Wu,59,0.4406864643096924,0.30708906054496765,-7.958078640513122e-12,0.014440612867474556,36.19426727294922,1.9547319412231445,1.0356897115707397,1.3642420526593924e-11,0.04768528789281845,51.43349075317383,0.13169290125370026,0.2384519875049591,2.8577702045440674
/content/drive/MyDrive/Deepfake Dataset/HailuoAI/60/hailuo_1775633375.png,hailuo_1775633375.png,/content/drive/MyDrive/Deepfake Dataset/HailuoAI/60,HailuoAI,GPT Image 15,Wei_Wu_0001.jpg,Wei_Wu,60,0.5728246569633484,0.2940307855606079,2.944489096989855e-11,0.009781437925994396,38.68305206298828,1.6892893314361572,0.9843733310699463,-1.3983481039758772e-11,0.03227408230304718,43.866634368896484,0.11407606303691864,0.16439805924892426,2.4711806774139404
/content/drive/MyDrive/Deepfake Dataset/HailuoAI/61/hailuo_1775633380.png,hailuo_1775633380.png,/content/drive/MyDrive/Deepfake Dataset/HailuoAI/61,HailuoAI,Image 1.0 (Hailuo),Wei_Wu_0001.jpg,Wei_Wu,61,0.3276457190513611,0.31344789266586304,3.5697667044587433e-11,0.011302628554403782,59.65324783325195,1.730655550956726,1.088195562362671,4.092726157978177e-12,0.034985125064849854,71.3993148803711,0.11294297128915787,0.214323028922081,3.138476848602295
/content/drive/MyDrive/Deepfake Dataset/HailuoAI/62/hailuo_1775633496.jpg,hailuo_1775633496.jpg,/content/drive/MyDrive/Deepfake Dataset/HailuoAI/62,HailuoAI,Nano Banana Pro,Ana_Isabel_Sanchez_0001.jpg,Ana_Isabel_Sanchez,62,0.4823972284793854,0.28465384244918823,-6.775735528208315e-11,0.015329121612012386,35.658668518066406,1.9947396516799927,1.010751485824585,-1.3642420526593924e-12,0.0516044907271862,49.00947952270508,0.14823581278324127,0.23840484023094177,3.570798397064209
/content/drive/MyDrive/Deepfake Dataset/HailuoAI/63/hailuo_1775633501.jpg,hailuo_1775633501.jpg,/content/drive/MyDrive/Deepfake Dataset/HailuoAI/63,HailuoAI,Seedream 4.5,Ana_Isabel_Sanchez_0001.jpg,Ana_Isabel_Sanchez,63,0.4432682693004608,0.3413802981376648,-3.888089850079268e-11,0.011455094441771507,34.75093460083008,1.64163339138031,1.1445605754852295,9.322320693172514e-12,0.0336308516561985,43.799434661865234,0.12407126277685165,0.22837786376476288,3.122684955596924
/content/drive/MyDrive/Deepfake Dataset/HailuoAI/64/hailuo_1775633508.png,hailuo_1775633508.png,/content/drive/MyDrive/Deepfake Dataset/HailuoAI/64,HailuoAI,GPT Image 15,Ana_Isabel_Sanchez_0001.jpg,Ana_Isabel_Sanchez,64,0.44116607308387756,0.2982965409755707,-1.1368683772161603e-13,0.012691198848187923,30.473913192749023,1.8394198417663574,1.020348072052002,-3.069544618483633e-12,0.041187722235918045,30.5162296295166,0.13623666763305664,0.21056783199310303,2.946211814880371
/content/drive/MyDrive/Deepfake Dataset/HailuoAI/65/hailuo_1775633515.png,hailuo_1775633515.png,/content/drive/MyDrive/Deepfake Dataset/HailuoAI/65,HailuoAI,Image 1.0 (Hailuo),Ana_Isabel_Sanchez_0001.jpg,Ana_Isabel_Sanchez,65,0.4155218005180359,0.3065780997276306,6.821210263296962e-11,0.015506806783378124,31.456254959106445,1.5531432628631592,1.1338486671447754,-3.410605131648481e-13,0.04389477148652077,40.920166015625,0.16243848204612732,0.2929602861404419,3.0541558265686035
